temperature,time
37.8458,2022-06-02 00:01
38.3521,2022-06-02 00:11
39.8188,2022-06-02 00:21
40.1479,2022-06-02 00:31
39.8917,2022-06-02 00:41
40.2563,2022-06-02 00:51
39.9042,2022-06-02 01:01
40.2979,2022-06-02 01:11
41.1958,2022-06-02 01:21
41.5583,2022-06-02 01:31
40.2375,2022-06-02 01:41
40.6438,2022-06-02 01:51
40.95,2022-06-02 02:01
41.3063,2022-06-02 02:11
39.075,2022-06-02 02:21
39.5146,2022-06-02 02:31
40.1458,2022-06-02 02:41
40.55,2022-06-02 02:51
40.4979,2022-06-02 03:01
40.5125,2022-06-02 03:11
38.4313,2022-06-02 03:21
38.3958,2022-06-02 03:31
40.2708,2022-06-02 03:41
40.2542,2022-06-02 03:51
40.1604,2022-06-02 04:01
40.1729,2022-06-02 04:11
40.3188,2022-06-02 04:21
40.2875,2022-06-02 04:31
41.5417,2022-06-02 04:41
41.5583,2022-06-02 04:51
41.2875,2022-06-02 05:01
41.3104,2022-06-02 05:11
40.6333,2022-06-02 05:21
40.6583,2022-06-02 05:31
39.5167,2022-06-02 05:41
39.5292,2022-06-02 05:51
40.5354,2022-06-02 06:01
40.55,2022-06-02 06:11
38.3854,2022-06-02 06:21
40.2604,2022-06-02 06:31
40.1917,2022-06-02 06:41
40.3125,2022-06-02 06:51
41.5583,2022-06-02 07:01
41.3208,2022-06-02 07:11
40.65,2022-06-02 07:21
39.5104,2022-06-02 07:31
40.5292,2022-06-02 07:41
40.4813,2022-06-02 07:51
38.4146,2022-06-02 08:01
40.2583,2022-06-02 08:11
40.2146,2022-06-02 08:21
40.3042,2022-06-02 08:31
41.3396,2022-06-02 08:41
41.5708,2022-06-02 08:51
40.6729,2022-06-02 09:01
39.5167,2022-06-02 09:11
40.5708,2022-06-02 09:21
40.5063,2022-06-02 09:31
40.5375,2022-06-02 09:41
40.5,2022-06-02 09:51
38.3854,2022-06-02 10:01
40.2771,2022-06-02 10:11
40.1521,2022-06-02 10:21
40.2979,2022-06-02 10:31
41.3042,2022-06-02 10:41
40.7104,2022-06-02 10:51
41.5208,2022-06-02 11:01
39.5354,2022-06-02 11:11
40.5813,2022-06-02 11:21
40.4938,2022-06-02 11:31
38.4375,2022-06-02 11:41
40.2167,2022-06-02 11:51
40.2708,2022-06-02 12:01
40.2792,2022-06-02 12:11
41.3063,2022-06-02 12:21
41.5729,2022-06-02 12:31
40.7,2022-06-02 12:41
39.5375,2022-06-02 12:51
40.5188,2022-06-02 13:01
38.4167,2022-06-02 13:11
40.25,2022-06-02 13:21
40.2,2022-06-02 13:31
40.3271,2022-06-02 13:41
41.3271,2022-06-02 13:51
41.5458,2022-06-02 14:01
40.6958,2022-06-02 14:11
39.5104,2022-06-02 14:21
40.5417,2022-06-02 14:31
40.525,2022-06-02 14:41
38.375,2022-06-02 14:51
40.2625,2022-06-02 15:01
40.1521,2022-06-02 15:11
40.3042,2022-06-02 15:21
41.3375,2022-06-02 15:31
41.5625,2022-06-02 15:41
40.6958,2022-06-02 15:51
39.5,2022-06-02 16:01
40.5479,2022-06-02 16:11
38.4313,2022-06-02 16:21
40.1917,2022-06-02 16:31
40.2688,2022-06-02 16:41
40.3063,2022-06-02 16:51
41.3375,2022-06-02 17:01
41.5625,2022-06-02 17:11
40.7292,2022-06-02 17:21
39.5375,2022-06-02 17:31
40.5563,2022-06-02 17:41
40.5271,2022-06-02 17:51
38.4313,2022-06-02 18:01
40.2833,2022-06-02 18:11
40.15,2022-06-02 18:21
40.2875,2022-06-02 18:31
41.3646,2022-06-02 18:41
41.5646,2022-06-02 18:51
40.7104,2022-06-02 19:01
39.5333,2022-06-02 19:11
40.5521,2022-06-02 19:21
40.5125,2022-06-02 19:31
40.4958,2022-06-02 19:41
38.4167,2022-06-02 19:51
40.2896,2022-06-02 20:01
40.2208,2022-06-02 20:11
40.3083,2022-06-02 20:21
41.3417,2022-06-02 20:31
41.5708,2022-06-02 20:41
40.6854,2022-06-02 20:51
39.5042,2022-06-02 21:01
40.5625,2022-06-02 21:11
40.5583,2022-06-02 21:21
40.5188,2022-06-02 21:31
38.4313,2022-06-02 21:41
40.2104,2022-06-02 21:51
40.2604,2022-06-02 22:01
40.3271,2022-06-02 22:11
41.3479,2022-06-02 22:21
41.5625,2022-06-02 22:31
40.7125,2022-06-02 22:41
39.5604,2022-06-02 22:51
40.5042,2022-06-02 23:01
38.4625,2022-06-02 23:11
40.2375,2022-06-02 23:21
40.2688,2022-06-02 23:31
40.3063,2022-06-02 23:41
41.3354,2022-06-02 23:51
41.5708,2022-06-03 00:01
40.7417,2022-06-03 00:11
39.5313,2022-06-03 00:21
40.5292,2022-06-03 00:31
40.5104,2022-06-03 00:41
38.4271,2022-06-03 00:51
40.2583,2022-06-03 01:01
40.1854,2022-06-03 01:11
40.2875,2022-06-03 01:21
41.3313,2022-06-03 01:31
41.5688,2022-06-03 01:41
40.6292,2022-06-03 01:51
39.5375,2022-06-03 02:01
40.5375,2022-06-03 02:11
38.4667,2022-06-03 02:21
40.2917,2022-06-03 02:31
40.1792,2022-06-03 02:41
40.3021,2022-06-03 02:51
41.3375,2022-06-03 03:01
41.5896,2022-06-03 03:11
40.7021,2022-06-03 03:21
39.5667,2022-06-03 03:31
40.5688,2022-06-03 03:41
40.5146,2022-06-03 03:51
38.4604,2022-06-03 04:01
40.2354,2022-06-03 04:11
40.2958,2022-06-03 04:21
40.3083,2022-06-03 04:31
41.3729,2022-06-03 04:41
41.6083,2022-06-03 04:51
40.6833,2022-06-03 05:01
39.5667,2022-06-03 05:11
40.5667,2022-06-03 05:21
40.5146,2022-06-03 05:31
40.5,2022-06-03 05:41
38.4833,2022-06-03 05:51
40.2042,2022-06-03 06:01
40.2854,2022-06-03 06:11
40.3208,2022-06-03 06:21
41.3271,2022-06-03 06:31
41.6042,2022-06-03 06:41
40.7042,2022-06-03 06:51
39.5313,2022-06-03 07:01
40.5833,2022-06-03 07:11
40.5125,2022-06-03 07:21
38.4229,2022-06-03 07:31
40.2979,2022-06-03 07:41
40.175,2022-06-03 07:51
40.3229,2022-06-03 08:01
41.3458,2022-06-03 08:11
41.5625,2022-06-03 08:21
40.6396,2022-06-03 08:31
39.5354,2022-06-03 08:41
40.5583,2022-06-03 08:51
40.5292,2022-06-03 09:01
38.4896,2022-06-03 09:11
40.2542,2022-06-03 09:21
40.1917,2022-06-03 09:31
40.3292,2022-06-03 09:41
41.3458,2022-06-03 09:51
41.5792,2022-06-03 10:01
40.6875,2022-06-03 10:11
39.5479,2022-06-03 10:21
40.55,2022-06-03 10:31
40.5333,2022-06-03 10:41
38.4563,2022-06-03 10:51
40.1854,2022-06-03 11:01
40.2688,2022-06-03 11:11
40.3167,2022-06-03 11:21
41.3625,2022-06-03 11:31
41.5938,2022-06-03 11:41
40.6833,2022-06-03 11:51
39.5354,2022-06-03 12:01
40.5917,2022-06-03 12:11
40.2375,2022-06-03 12:21
40.2979,2022-06-03 12:31
40.3167,2022-06-03 12:41
41.3396,2022-06-03 12:51
41.5833,2022-06-03 13:01
40.6729,2022-06-03 13:11
39.525,2022-06-03 13:21
40.5625,2022-06-03 13:31
40.5458,2022-06-03 13:41
38.4583,2022-06-03 13:51
38.4792,2022-06-03 14:01
40.1729,2022-06-03 14:11
40.2583,2022-06-03 14:21
40.3375,2022-06-03 14:31
41.3646,2022-06-03 14:41
41.5813,2022-06-03 14:51
40.6854,2022-06-03 15:01
39.5813,2022-06-03 15:11
40.5792,2022-06-03 15:21
40.5125,2022-06-03 15:31
40.5229,2022-06-03 15:41
38.4667,2022-06-03 15:51
40.2646,2022-06-03 16:01
40.2896,2022-06-03 16:11
40.3563,2022-06-03 16:21
41.3563,2022-06-03 16:31
41.5875,2022-06-03 16:41
40.7271,2022-06-03 16:51
39.5521,2022-06-03 17:01
40.5979,2022-06-03 17:11
40.5396,2022-06-03 17:21
38.4688,2022-06-03 17:31
40.1979,2022-06-03 17:41
40.2896,2022-06-03 17:51
40.3354,2022-06-03 18:01
41.3875,2022-06-03 18:11
41.6146,2022-06-03 18:21
40.6729,2022-06-03 18:31
39.5542,2022-06-03 18:41
40.5896,2022-06-03 18:51
40.1125,2022-06-03 19:01
40.475,2022-06-03 19:11
37.8458,2022-06-03 19:21
38.3521,2022-06-03 19:31
39.8188,2022-06-03 19:41
40.1479,2022-06-03 19:51
39.8917,2022-06-03 20:01
40.2563,2022-06-03 20:11
39.9042,2022-06-03 20:21
40.2979,2022-06-03 20:31
41.1958,2022-06-03 20:41
41.5583,2022-06-03 20:51
40.2375,2022-06-03 21:01
40.6438,2022-06-03 21:11
40.95,2022-06-03 21:21
41.3063,2022-06-03 21:31
39.075,2022-06-03 21:41
39.5146,2022-06-03 21:51
40.1458,2022-06-03 22:01
40.55,2022-06-03 22:11
40.4979,2022-06-03 22:21
40.5125,2022-06-03 22:31
38.4313,2022-06-03 22:41
38.3958,2022-06-03 22:51
40.2708,2022-06-03 23:01
40.2542,2022-06-03 23:11
40.1604,2022-06-03 23:21
40.1729,2022-06-03 23:31
40.3188,2022-06-03 23:41
40.2875,2022-06-03 23:51
41.5417,2022-06-04 00:01
41.5583,2022-06-04 00:11
41.2875,2022-06-04 00:21
41.3104,2022-06-04 00:31
40.6333,2022-06-04 00:41
40.6583,2022-06-04 00:51
39.5167,2022-06-04 01:01
39.5292,2022-06-04 01:11
40.5354,2022-06-04 01:21
40.55,2022-06-04 01:31
38.3854,2022-06-04 01:41
40.2604,2022-06-04 01:51
40.1917,2022-06-04 02:01
40.3125,2022-06-04 02:11
41.5583,2022-06-04 02:21
41.3208,2022-06-04 02:31
40.65,2022-06-04 02:41
39.5104,2022-06-04 02:51
40.5292,2022-06-04 03:01
40.4813,2022-06-04 03:11
38.4146,2022-06-04 03:21
40.2583,2022-06-04 03:31
40.2146,2022-06-04 03:41
40.3042,2022-06-04 03:51
41.3396,2022-06-04 04:01
41.5708,2022-06-04 04:11
40.6729,2022-06-04 04:21
39.5167,2022-06-04 04:31
40.5708,2022-06-04 04:41
40.5063,2022-06-04 04:51
40.5375,2022-06-04 05:01
40.5,2022-06-04 05:11
38.3854,2022-06-04 05:21
40.2771,2022-06-04 05:31
40.1521,2022-06-04 05:41
40.2979,2022-06-04 05:51
41.3042,2022-06-04 06:01
40.7104,2022-06-04 06:11
41.5208,2022-06-04 06:21
39.5354,2022-06-04 06:31
40.5813,2022-06-04 06:41
40.4938,2022-06-04 06:51
38.4375,2022-06-04 07:01
40.2167,2022-06-04 07:11
40.2708,2022-06-04 07:21
40.2792,2022-06-04 07:31
41.3063,2022-06-04 07:41
41.5729,2022-06-04 07:51
40.7,2022-06-04 08:01
39.5375,2022-06-04 08:11
40.5188,2022-06-04 08:21
38.4167,2022-06-04 08:31
40.25,2022-06-04 08:41
40.2,2022-06-04 08:51
40.3271,2022-06-04 09:01
41.3271,2022-06-04 09:11
41.5458,2022-06-04 09:21
40.6958,2022-06-04 09:31
39.5104,2022-06-04 09:41
40.5417,2022-06-04 09:51
40.525,2022-06-04 10:01
38.375,2022-06-04 10:11
40.2625,2022-06-04 10:21
40.1521,2022-06-04 10:31
40.3042,2022-06-04 10:41
41.3375,2022-06-04 10:51
41.5625,2022-06-04 11:01
40.6958,2022-06-04 11:11
39.5,2022-06-04 11:21
40.5479,2022-06-04 11:31
38.4313,2022-06-04 11:41
40.1917,2022-06-04 11:51
40.2688,2022-06-04 12:01
40.3063,2022-06-04 12:11
41.3375,2022-06-04 12:21
41.5625,2022-06-04 12:31
40.7292,2022-06-04 12:41
39.5375,2022-06-04 12:51
40.5563,2022-06-04 13:01
40.5271,2022-06-04 13:11
38.4313,2022-06-04 13:21
40.2833,2022-06-04 13:31
40.15,2022-06-04 13:41
40.2875,2022-06-04 13:51
41.3646,2022-06-04 14:01
41.5646,2022-06-04 14:11
40.7104,2022-06-04 14:21
39.5333,2022-06-04 14:31
40.5521,2022-06-04 14:41
40.5125,2022-06-04 14:51
40.4958,2022-06-04 15:01
38.4167,2022-06-04 15:11
40.2896,2022-06-04 15:21
40.2208,2022-06-04 15:31
40.3083,2022-06-04 15:41
41.3417,2022-06-04 15:51
41.5708,2022-06-04 16:01
40.6854,2022-06-04 16:11
39.5042,2022-06-04 16:21
40.5625,2022-06-04 16:31
40.5583,2022-06-04 16:41
40.5188,2022-06-04 16:51
38.4313,2022-06-04 17:01
40.2104,2022-06-04 17:11
40.2604,2022-06-04 17:21
40.3271,2022-06-04 17:31
41.3479,2022-06-04 17:41
41.5625,2022-06-04 17:51
40.7125,2022-06-04 18:01
39.5604,2022-06-04 18:11
40.5042,2022-06-04 18:21
38.4625,2022-06-04 18:31
40.2375,2022-06-04 18:41
40.2688,2022-06-04 18:51
40.3063,2022-06-04 19:01
41.3354,2022-06-04 19:11
41.5708,2022-06-04 19:21
40.7417,2022-06-04 19:31
39.5313,2022-06-04 19:41
40.5292,2022-06-04 19:51
40.5104,2022-06-04 20:01
38.4271,2022-06-04 20:11
40.2583,2022-06-04 20:21
40.1854,2022-06-04 20:31
40.2875,2022-06-04 20:41
41.3313,2022-06-04 20:51
41.5688,2022-06-04 21:01
40.6292,2022-06-04 21:11
39.5375,2022-06-04 21:21
40.5375,2022-06-04 21:31
38.4667,2022-06-04 21:41
40.2917,2022-06-04 21:51
40.1792,2022-06-04 22:01
40.3021,2022-06-04 22:11
41.3375,2022-06-04 22:21
41.5896,2022-06-04 22:31
40.7021,2022-06-04 22:41
39.5667,2022-06-04 22:51
40.5688,2022-06-04 23:01
40.5146,2022-06-04 23:11
38.4604,2022-06-04 23:21
40.2354,2022-06-04 23:31
40.2958,2022-06-04 23:41
40.3083,2022-06-04 23:51
41.3729,2022-06-05 00:01
41.6083,2022-06-05 00:11
40.6833,2022-06-05 00:21
39.5667,2022-06-05 00:31
40.5667,2022-06-05 00:41
40.5146,2022-06-05 00:51
40.5,2022-06-05 01:01
38.4833,2022-06-05 01:11
40.2042,2022-06-05 01:21
40.2854,2022-06-05 01:31
40.3208,2022-06-05 01:41
41.3271,2022-06-05 01:51
41.6042,2022-06-05 02:01
40.7042,2022-06-05 02:11
39.5313,2022-06-05 02:21
40.5833,2022-06-05 02:31
40.5125,2022-06-05 02:41
38.4229,2022-06-05 02:51
40.2979,2022-06-05 03:01
40.175,2022-06-05 03:11
40.3229,2022-06-05 03:21
41.3458,2022-06-05 03:31
41.5625,2022-06-05 03:41
40.6396,2022-06-05 03:51
39.5354,2022-06-05 04:01
40.5583,2022-06-05 04:11
40.5292,2022-06-05 04:21
38.4896,2022-06-05 04:31
40.2542,2022-06-05 04:41
40.1917,2022-06-05 04:51
40.3292,2022-06-05 05:01
41.3458,2022-06-05 05:11
41.5792,2022-06-05 05:21
40.6875,2022-06-05 05:31
39.5479,2022-06-05 05:41
40.55,2022-06-05 05:51
40.5333,2022-06-05 06:01
38.4563,2022-06-05 06:11
40.1854,2022-06-05 06:21
40.2688,2022-06-05 06:31
40.3167,2022-06-05 06:41
41.3625,2022-06-05 06:51
41.5938,2022-06-05 07:01
40.6833,2022-06-05 07:11
39.5354,2022-06-05 07:21
40.5917,2022-06-05 07:31
40.2375,2022-06-05 07:41
40.2979,2022-06-05 07:51
40.3167,2022-06-05 08:01
41.3396,2022-06-05 08:11
41.5833,2022-06-05 08:21
40.6729,2022-06-05 08:31
39.525,2022-06-05 08:41
40.5625,2022-06-05 08:51
40.5458,2022-06-05 09:01
38.4583,2022-06-05 09:11
38.4792,2022-06-05 09:21
40.1729,2022-06-05 09:31
40.2583,2022-06-05 09:41
40.3375,2022-06-05 09:51
41.3646,2022-06-05 10:01
41.5813,2022-06-05 10:11
40.6854,2022-06-05 10:21
39.5813,2022-06-05 10:31
40.5792,2022-06-05 10:41
40.5125,2022-06-05 10:51
40.5229,2022-06-05 11:01
38.4667,2022-06-05 11:11
40.2646,2022-06-05 11:21
40.2896,2022-06-05 11:31
40.3563,2022-06-05 11:41
41.3563,2022-06-05 11:51
41.5875,2022-06-05 12:01
40.7271,2022-06-05 12:11
39.5521,2022-06-05 12:21
40.5979,2022-06-05 12:31
40.5396,2022-06-05 12:41
38.4688,2022-06-05 12:51
40.1979,2022-06-05 13:01
40.2896,2022-06-05 13:11
40.3354,2022-06-05 13:21
41.3875,2022-06-05 13:31
41.6146,2022-06-05 13:41
40.6729,2022-06-05 13:51
39.5542,2022-06-05 14:01
40.5896,2022-06-05 14:11
37.7729,2022-06-05 14:21
36.3771,2022-06-05 14:31
37.8208,2022-06-05 14:41
37.0938,2022-06-05 14:51
37.3292,2022-06-05 15:01
36.7333,2022-06-05 15:11
37.4667,2022-06-05 15:21
36.9563,2022-06-05 15:31
37.2542,2022-06-05 15:41
37.3896,2022-06-05 15:51
37.1104,2022-06-05 16:01
38.5021,2022-06-05 16:11
38.0625,2022-06-05 16:21
35.1229,2022-06-05 16:31
36.5979,2022-06-05 16:41
37.6146,2022-06-05 16:51
37.1833,2022-06-05 17:01
36.6979,2022-06-05 17:11
37.1042,2022-06-05 17:21
37.175,2022-06-05 17:31
37.8042,2022-06-05 17:41
36.3875,2022-06-05 17:51
37.8521,2022-06-05 18:01
37.1354,2022-06-05 18:11
37.3375,2022-06-05 18:21
36.7917,2022-06-05 18:31
37.4708,2022-06-05 18:41
36.9896,2022-06-05 18:51
37.25,2022-06-05 19:01
37.4375,2022-06-05 19:11
37.1646,2022-06-05 19:21
38.5333,2022-06-05 19:31
38.0854,2022-06-05 19:41
35.1417,2022-06-05 19:51
37.2208,2022-06-05 20:01
36.6021,2022-06-05 20:11
36.7313,2022-06-05 20:21
37.6333,2022-06-05 20:31
37.1083,2022-06-05 20:41
37.2229,2022-06-05 20:51
37.8583,2022-06-05 21:01
36.4125,2022-06-05 21:11
37.8875,2022-06-05 21:21
37.1625,2022-06-05 21:31
37.3542,2022-06-05 21:41
36.825,2022-06-05 21:51
37.5104,2022-06-05 22:01
37.0083,2022-06-05 22:11
37.2979,2022-06-05 22:21
37.4271,2022-06-05 22:31
37.1542,2022-06-05 22:41
38.5688,2022-06-05 22:51
38.1375,2022-06-05 23:01
37.2063,2022-06-05 23:11
36.6396,2022-06-05 23:21
35.1479,2022-06-05 23:31
36.7938,2022-06-05 23:41
37.6438,2022-06-05 23:51
37.1271,2022-06-06 00:01
37.2875,2022-06-06 00:11
36.4292,2022-06-06 00:21
37.9021,2022-06-06 00:31
37.2042,2022-06-06 00:41
37.3833,2022-06-06 00:51
36.8167,2022-06-06 01:01
37.5375,2022-06-06 01:11
37.0688,2022-06-06 01:21
37.3354,2022-06-06 01:31
37.4771,2022-06-06 01:41
37.1833,2022-06-06 01:51
38.5729,2022-06-06 02:01
38.1208,2022-06-06 02:11
35.1958,2022-06-06 02:21
37.2583,2022-06-06 02:31
36.6708,2022-06-06 02:41
36.7604,2022-06-06 02:51
37.6813,2022-06-06 03:01
37.1396,2022-06-06 03:11
37.2833,2022-06-06 03:21
37.8646,2022-06-06 03:31
37.175,2022-06-06 03:41
37.2896,2022-06-06 03:51
37.9083,2022-06-06 04:01
36.4813,2022-06-06 04:11
37.8979,2022-06-06 04:21
37.2229,2022-06-06 04:31
37.4396,2022-06-06 04:41
36.8458,2022-06-06 04:51
37.5813,2022-06-06 05:01
37.0396,2022-06-06 05:11
37.3417,2022-06-06 05:21
37.5146,2022-06-06 05:31
37.2063,2022-06-06 05:41
38.5896,2022-06-06 05:51
38.1313,2022-06-06 06:01
35.1854,2022-06-06 06:11
37.2917,2022-06-06 06:21
36.6979,2022-06-06 06:31
36.8083,2022-06-06 06:41
37.6854,2022-06-06 06:51
37.9333,2022-06-06 07:01
37.8958,2022-06-06 07:11
36.4938,2022-06-06 07:21
37.2542,2022-06-06 07:31
37.4313,2022-06-06 07:41
36.9229,2022-06-06 07:51
37.5938,2022-06-06 08:01
37.1042,2022-06-06 08:11
37.3563,2022-06-06 08:21
37.5104,2022-06-06 08:31
37.2792,2022-06-06 08:41
38.6333,2022-06-06 08:51
38.1792,2022-06-06 09:01
36.7313,2022-06-06 09:11
35.2313,2022-06-06 09:21
37.3396,2022-06-06 09:31
36.8146,2022-06-06 09:41
37.7208,2022-06-06 09:51
37.15,2022-06-06 10:01
37.3104,2022-06-06 10:11
37.9729,2022-06-06 10:21
37.8979,2022-06-06 10:31
36.4938,2022-06-06 10:41
37.2958,2022-06-06 10:51
37.4542,2022-06-06 11:01
36.9229,2022-06-06 11:11
37.6104,2022-06-06 11:21
37.1083,2022-06-06 11:31
37.3917,2022-06-06 11:41
37.5292,2022-06-06 11:51
37.2833,2022-06-06 12:01
38.6542,2022-06-06 12:11
38.2313,2022-06-06 12:21
36.7542,2022-06-06 12:31
35.2583,2022-06-06 12:41
37.3604,2022-06-06 12:51
36.8604,2022-06-06 13:01
37.7625,2022-06-06 13:11
37.2042,2022-06-06 13:21
37.3479,2022-06-06 13:31
37.9896,2022-06-06 13:41
37.9542,2022-06-06 13:51
36.5167,2022-06-06 14:01
37.2979,2022-06-06 14:11
37.4771,2022-06-06 14:21
36.9458,2022-06-06 14:31
37.6188,2022-06-06 14:41
37.0958,2022-06-06 14:51
37.4271,2022-06-06 15:01
37.5271,2022-06-06 15:11
37.3063,2022-06-06 15:21
38.6667,2022-06-06 15:31
38.2458,2022-06-06 15:41
35.2771,2022-06-06 15:51
36.8125,2022-06-06 16:01
36.8792,2022-06-06 16:11
37.7708,2022-06-06 16:21
37.1792,2022-06-06 16:31
37.3333,2022-06-06 16:41
37.3896,2022-06-06 16:51
38.0167,2022-06-06 17:01
37.95,2022-06-06 17:11
36.5625,2022-06-06 17:21
37.3313,2022-06-06 17:31
37.5146,2022-06-06 17:41
36.9563,2022-06-06 17:51
37.6438,2022-06-06 18:01
37.1688,2022-06-06 18:11
37.2708,2022-06-06 18:21
37.4271,2022-06-06 18:31
37.55,2022-06-06 18:41
38.6813,2022-06-06 18:51
38.2646,2022-06-06 19:01
36.8396,2022-06-06 19:11
35.2854,2022-06-06 19:21
37.7708,2022-06-06 19:31
37.2771,2022-06-06 19:41
37.3771,2022-06-06 19:51
36.9021,2022-06-06 20:01
37.3792,2022-06-06 20:11
38.7438,2022-06-06 20:21
38.3083,2022-06-06 20:31
36.8375,2022-06-06 20:41
35.3167,2022-06-06 20:51
36.9063,2022-06-06 21:01
37.8104,2022-06-06 21:11
37.2813,2022-06-06 21:21
37.3771,2022-06-06 21:31
37.4188,2022-06-06 21:41
38.0583,2022-06-06 21:51
38.0271,2022-06-06 22:01
36.5896,2022-06-06 22:11
37.3604,2022-06-06 22:21
37.5479,2022-06-06 22:31
36.9833,2022-06-06 22:41
37.6771,2022-06-06 22:51
37.1542,2022-06-06 23:01
37.4875,2022-06-06 23:11
37.3521,2022-06-06 23:21
37.6042,2022-06-06 23:31
38.0667,2022-06-06 23:41
38.0333,2022-06-06 23:51
36.6042,2022-06-07 00:01
37.3688,2022-06-07 00:11
37.5813,2022-06-07 00:21
37.0125,2022-06-07 00:31
37.6792,2022-06-07 00:41
37.1979,2022-06-07 00:51
37.4625,2022-06-07 01:01
37.6438,2022-06-07 01:11
37.3583,2022-06-07 01:21
38.7604,2022-06-07 01:31
35.3271,2022-06-07 01:41
38.3063,2022-06-07 01:51
36.85,2022-06-07 02:01
36.9417,2022-06-07 02:11
37.8479,2022-06-07 02:21
37.2792,2022-06-07 02:31
37.4375,2022-06-07 02:41
37.4354,2022-06-07 02:51
36.6354,2022-06-07 03:01
38.0542,2022-06-07 03:11
38.0333,2022-06-07 03:21
37.3667,2022-06-07 03:31
37.5521,2022-06-07 03:41
37.025,2022-06-07 03:51
37.6979,2022-06-07 04:01
37.2167,2022-06-07 04:11
37.525,2022-06-07 04:21
37.3813,2022-06-07 04:31
37.6688,2022-06-07 04:41
38.7688,2022-06-07 04:51
36.8458,2022-06-07 05:01
35.3396,2022-06-07 05:11
38.325,2022-06-07 05:21
36.9375,2022-06-07 05:31
37.8604,2022-06-07 05:41
37.3438,2022-06-07 05:51
37.4188,2022-06-07 06:01
37.4729,2022-06-07 06:11
38.1042,2022-06-07 06:21
38.0354,2022-06-07 06:31
36.6708,2022-06-07 06:41
37.3813,2022-06-07 06:51
37.5958,2022-06-07 07:01
37.025,2022-06-07 07:11
37.7688,2022-06-07 07:21
37.2396,2022-06-07 07:31
37.5375,2022-06-07 07:41
37.3813,2022-06-07 07:51
37.6792,2022-06-07 08:01
38.7604,2022-06-07 08:11
36.8979,2022-06-07 08:21
38.3688,2022-06-07 08:31
35.3979,2022-06-07 08:41
36.9833,2022-06-07 08:51
37.3438,2022-06-07 09:01
37.4625,2022-06-07 09:11
37.8875,2022-06-07 09:21
37.4854,2022-06-07 09:31
38.1083,2022-06-07 09:41
38.0958,2022-06-07 09:51
36.6729,2022-06-07 10:01
37.4188,2022-06-07 10:11
37.5979,2022-06-07 10:21
37.0583,2022-06-07 10:31
37.7604,2022-06-07 10:41
37.2708,2022-06-07 10:51
37.5375,2022-06-07 11:01
37.4063,2022-06-07 11:11
38.8125,2022-06-07 11:21
37.6938,2022-06-07 11:31
38.375,2022-06-07 11:41
36.9229,2022-06-07 11:51
35.2521,2022-06-07 12:01
37.3458,2022-06-07 12:11
37.5021,2022-06-07 12:21
36.9813,2022-06-07 12:31
37.9042,2022-06-07 12:41
37.4854,2022-06-07 12:51
37.5813,2022-06-07 13:01
37.4354,2022-06-07 13:11
37.7354,2022-06-07 13:21
38.8667,2022-06-07 13:31
38.3792,2022-06-07 13:41
36.9292,2022-06-07 13:51
35.4813,2022-06-07 14:01
37.0021,2022-06-07 14:11
37.3938,2022-06-07 14:21
37.5063,2022-06-07 14:31
37.9583,2022-06-07 14:41
37.525,2022-06-07 14:51
36.6938,2022-06-07 15:01
38.15,2022-06-07 15:11
38.1208,2022-06-07 15:21
37.4667,2022-06-07 15:31
37.6104,2022-06-07 15:41
37.0875,2022-06-07 15:51
37.7688,2022-06-07 16:01
37.3063,2022-06-07 16:11
38.1438,2022-06-07 16:21
38.1521,2022-06-07 16:31
36.7188,2022-06-07 16:41
37.4813,2022-06-07 16:51
37.6438,2022-06-07 17:01
37.0771,2022-06-07 17:11
37.7938,2022-06-07 17:21
37.3042,2022-06-07 17:31
37.4521,2022-06-07 17:41
37.5625,2022-06-07 17:51
37.7521,2022-06-07 18:01
38.8625,2022-06-07 18:11
38.3938,2022-06-07 18:21
36.9646,2022-06-07 18:31
35.4542,2022-06-07 18:41
37.0563,2022-06-07 18:51
37.3938,2022-06-07 19:01
37.5292,2022-06-07 19:11
37.9292,2022-06-07 19:21
37.5708,2022-06-07 19:31
38.1875,2022-06-07 19:41
38.1458,2022-06-07 19:51
36.7708,2022-06-07 20:01
37.5292,2022-06-07 20:11
37.6958,2022-06-07 20:21
37.1188,2022-06-07 20:31
37.8292,2022-06-07 20:41
37.2667,2022-06-07 20:51
37.6167,2022-06-07 21:01
37.5292,2022-06-07 21:11
37.7896,2022-06-07 21:21
38.8896,2022-06-07 21:31
36.9771,2022-06-07 21:41
38.4042,2022-06-07 21:51
35.4688,2022-06-07 22:01
37.0458,2022-06-07 22:11
37.9729,2022-06-07 22:21
37.4188,2022-06-07 22:31
37.5292,2022-06-07 22:41
37.5479,2022-06-07 22:51
38.2229,2022-06-07 23:01
38.1438,2022-06-07 23:11
36.7479,2022-06-07 23:21
37.5333,2022-06-07 23:31
37.6896,2022-06-07 23:41
37.1354,2022-06-07 23:51
37.8563,2022-06-08 00:01
37.3458,2022-06-08 00:11
37.6458,2022-06-08 00:21
37.5125,2022-06-08 00:31
37.7646,2022-06-08 00:41
38.8792,2022-06-08 00:51
36.975,2022-06-08 01:01
38.4354,2022-06-08 01:11
35.4583,2022-06-08 01:21
37.0458,2022-06-08 01:31
37.9813,2022-06-08 01:41
37.4438,2022-06-08 01:51
37.5771,2022-06-08 02:01
37.5583,2022-06-08 02:11
38.2333,2022-06-08 02:21
36.775,2022-06-08 02:31
37.5521,2022-06-08 02:41
38.1521,2022-06-08 02:51
37.7083,2022-06-08 03:01
37.1771,2022-06-08 03:11
37.8688,2022-06-08 03:21
37.3521,2022-06-08 03:31
37.6563,2022-06-08 03:41
37.5438,2022-06-08 03:51
37.8271,2022-06-08 04:01
38.925,2022-06-08 04:11
37.0042,2022-06-08 04:21
35.5,2022-06-08 04:31
38.4688,2022-06-08 04:41
37.0729,2022-06-08 04:51
38.0458,2022-06-08 05:01
37.4646,2022-06-08 05:11
37.5646,2022-06-08 05:21
37.5708,2022-06-08 05:31
37.7542,2022-06-08 05:41
37.2063,2022-06-08 05:51
37.8813,2022-06-08 06:01
37.3854,2022-06-08 06:11
37.5604,2022-06-08 06:21
37.675,2022-06-08 06:31
37.7917,2022-06-08 06:41
38.9104,2022-06-08 06:51
37.0188,2022-06-08 07:01
35.525,2022-06-08 07:11
38.4583,2022-06-08 07:21
37.1042,2022-06-08 07:31
37.4833,2022-06-08 07:41
37.5708,2022-06-08 07:51
38.0458,2022-06-08 08:01
37.6167,2022-06-08 08:11
36.7875,2022-06-08 08:21
38.3083,2022-06-08 08:31
38.1813,2022-06-08 08:41
37.5792,2022-06-08 08:51
38.2833,2022-06-08 09:01
36.825,2022-06-08 09:11
37.6146,2022-06-08 09:21
38.2146,2022-06-08 09:31
37.7708,2022-06-08 09:41
37.2021,2022-06-08 09:51
37.9042,2022-06-08 10:01
37.3958,2022-06-08 10:11
37.6667,2022-06-08 10:21
37.5583,2022-06-08 10:31
37.8438,2022-06-08 10:41
39,2022-06-08 10:51
37.0542,2022-06-08 11:01
38.4938,2022-06-08 11:11
35.5438,2022-06-08 11:21
37.1313,2022-06-08 11:31
37.5042,2022-06-08 11:41
37.5896,2022-06-08 11:51
37.6438,2022-06-08 12:01
38.0229,2022-06-08 12:11
38.2563,2022-06-08 12:21
36.8396,2022-06-08 12:31
37.6167,2022-06-08 12:41
38.2438,2022-06-08 12:51
37.75,2022-06-08 13:01
37.2083,2022-06-08 13:11
37.8938,2022-06-08 13:21
37.4042,2022-06-08 13:31
37.6729,2022-06-08 13:41
37.5875,2022-06-08 13:51
37.8417,2022-06-08 14:01
39.0125,2022-06-08 14:11
37.0479,2022-06-08 14:21
38.4896,2022-06-08 14:31
35.5771,2022-06-08 14:41
37.6271,2022-06-08 14:51
37.1271,2022-06-08 15:01
38.0688,2022-06-08 15:11
37.5146,2022-06-08 15:21
37.6521,2022-06-08 15:31
38.2896,2022-06-08 15:41
36.8313,2022-06-08 15:51
37.6604,2022-06-08 16:01
38.2625,2022-06-08 16:11
37.7646,2022-06-08 16:21
37.2458,2022-06-08 16:31
37.9313,2022-06-08 16:41
37.3917,2022-06-08 16:51
37.6,2022-06-08 17:01
37.7188,2022-06-08 17:11
37.8688,2022-06-08 17:21
37.0667,2022-06-08 17:31
38.9625,2022-06-08 17:41
38.5521,2022-06-08 17:51
35.5813,2022-06-08 18:01
37.1625,2022-06-08 18:11
38.0979,2022-06-08 18:21
37.5542,2022-06-08 18:31
37.6146,2022-06-08 18:41
37.6854,2022-06-08 18:51
38.325,2022-06-08 19:01
36.8396,2022-06-08 19:11
38.2896,2022-06-08 19:21
37.6375,2022-06-08 19:31
37.8417,2022-06-08 19:41
37.2729,2022-06-08 19:51
37.9521,2022-06-08 20:01
37.4229,2022-06-08 20:11
37.7104,2022-06-08 20:21
37.5708,2022-06-08 20:31
37.875,2022-06-08 20:41
37.0958,2022-06-08 20:51
38.9833,2022-06-08 21:01
38.5563,2022-06-08 21:11
35.6333,2022-06-08 21:21
37.1979,2022-06-08 21:31
38.0917,2022-06-08 21:41
37.5229,2022-06-08 21:51
37.6667,2022-06-08 22:01
37.6417,2022-06-08 22:11
37.6604,2022-06-08 22:21
37.8354,2022-06-08 22:31
37.2833,2022-06-08 22:41
37.9646,2022-06-08 22:51
37.4521,2022-06-08 23:01
37.7438,2022-06-08 23:11
37.6167,2022-06-08 23:21
37.9313,2022-06-08 23:31
37.0938,2022-06-08 23:41
39.0042,2022-06-08 23:51
38.5604,2022-06-09 00:01
35.6292,2022-06-09 00:11
37.2083,2022-06-09 00:21
38.1125,2022-06-09 00:31
37.5896,2022-06-09 00:41
37.675,2022-06-09 00:51
37.7083,2022-06-09 01:01
38.3167,2022-06-09 01:11
36.9188,2022-06-09 01:21
38.325,2022-06-09 01:31
37.6042,2022-06-09 01:41
37.7,2022-06-09 01:51
38.3396,2022-06-09 02:01
36.9021,2022-06-09 02:11
38.2979,2022-06-09 02:21
37.6979,2022-06-09 02:31
37.8542,2022-06-09 02:41
37.2729,2022-06-09 02:51
37.9625,2022-06-09 03:01
37.4417,2022-06-09 03:11
37.7646,2022-06-09 03:21
37.6354,2022-06-09 03:31
39.0354,2022-06-09 03:41
37.9229,2022-06-09 03:51
37.1396,2022-06-09 04:01
38.5875,2022-06-09 04:11
35.6208,2022-06-09 04:21
37.2188,2022-06-09 04:31
38.1229,2022-06-09 04:41
37.6854,2022-06-09 04:51
38.35,2022-06-09 05:01
36.9417,2022-06-09 05:11
38.3396,2022-06-09 05:21
37.7188,2022-06-09 05:31
37.8688,2022-06-09 05:41
37.2875,2022-06-09 05:51
38.0104,2022-06-09 06:01
37.4875,2022-06-09 06:11
37.6458,2022-06-09 06:21
37.7896,2022-06-09 06:31
37.9521,2022-06-09 06:41
37.1625,2022-06-09 06:51
39.0375,2022-06-09 07:01
38.575,2022-06-09 07:11
35.6188,2022-06-09 07:21
37.2417,2022-06-09 07:31
38.15,2022-06-09 07:41
37.6208,2022-06-09 07:51
37.7167,2022-06-09 08:01
37.7167,2022-06-09 08:11
38.3854,2022-06-09 08:21
36.9563,2022-06-09 08:31
38.3313,2022-06-09 08:41
37.7208,2022-06-09 08:51
37.8646,2022-06-09 09:01
37.3479,2022-06-09 09:11
38.0146,2022-06-09 09:21
37.4938,2022-06-09 09:31
37.8229,2022-06-09 09:41
37.6917,2022-06-09 09:51
37.95,2022-06-09 10:01
37.1667,2022-06-09 10:11
39.0688,2022-06-09 10:21
38.6208,2022-06-09 10:31
35.6604,2022-06-09 10:41
37.2417,2022-06-09 10:51
38.1583,2022-06-09 11:01
37.5813,2022-06-09 11:11
37.7042,2022-06-09 11:21
37.7667,2022-06-09 11:31
38.4083,2022-06-09 11:41
36.9688,2022-06-09 11:51
38.3438,2022-06-09 12:01
37.7563,2022-06-09 12:11
37.9333,2022-06-09 12:21
37.3729,2022-06-09 12:31
38.0229,2022-06-09 12:41
37.5354,2022-06-09 12:51
37.8583,2022-06-09 13:01
37.6875,2022-06-09 13:11
38,2022-06-09 13:21
37.1896,2022-06-09 13:31
39.0854,2022-06-09 13:41
38.6396,2022-06-09 13:51
35.6563,2022-06-09 14:01
37.2646,2022-06-09 14:11
38.2021,2022-06-09 14:21
37.65,2022-06-09 14:31
37.7313,2022-06-09 14:41
37.7896,2022-06-09 14:51
36.9688,2022-06-09 15:01
37.7708,2022-06-09 15:11
37.9063,2022-06-09 15:21
37.3813,2022-06-09 15:31
38.0521,2022-06-09 15:41
37.5792,2022-06-09 15:51
37.725,2022-06-09 16:01
37.8521,2022-06-09 16:11
37.9896,2022-06-09 16:21
37.2146,2022-06-09 16:31
39.0271,2022-06-09 16:41
38.65,2022-06-09 16:51
35.7167,2022-06-09 17:01
37.2688,2022-06-09 17:11
38.1875,2022-06-09 17:21
37.6208,2022-06-09 17:31
37.7833,2022-06-09 17:41
37.7813,2022-06-09 17:51
38.4542,2022-06-09 18:01
38.4271,2022-06-09 18:11
37.65,2022-06-09 18:21
37.7438,2022-06-09 18:31
37.7833,2022-06-09 18:41
38.4313,2022-06-09 18:51
37,2022-06-09 19:01
38.4042,2022-06-09 19:11
37.7479,2022-06-09 19:21
37.9292,2022-06-09 19:31
37.3896,2022-06-09 19:41
38.0625,2022-06-09 19:51
37.5938,2022-06-09 20:01
37.8563,2022-06-09 20:11
37.7125,2022-06-09 20:21
37.9854,2022-06-09 20:31
37.1771,2022-06-09 20:41
39.0833,2022-06-09 20:51
37.3104,2022-06-09 21:01
38.6604,2022-06-09 21:11
35.725,2022-06-09 21:21
38.2292,2022-06-09 21:31
38.4729,2022-06-09 21:41
38.3979,2022-06-09 21:51
37.0333,2022-06-09 22:01
37.7813,2022-06-09 22:11
37.925,2022-06-09 22:21
37.3896,2022-06-09 22:31
38.0688,2022-06-09 22:41
37.6063,2022-06-09 22:51
37.8479,2022-06-09 23:01
37.2021,2022-06-09 23:11
37.7542,2022-06-09 23:21
38.0229,2022-06-09 23:31
39.1083,2022-06-09 23:41
38.7042,2022-06-09 23:51
35.725,2022-06-10 00:01
37.3063,2022-06-10 00:11
38.2333,2022-06-10 00:21
37.675,2022-06-10 00:31
37.7729,2022-06-10 00:41
37.8083,2022-06-10 00:51
38.4979,2022-06-10 01:01
38.4313,2022-06-10 01:11
36.9979,2022-06-10 01:21
37.8063,2022-06-10 01:31
37.9521,2022-06-10 01:41
37.4063,2022-06-10 01:51
38.0729,2022-06-10 02:01
37.5688,2022-06-10 02:11
37.9,2022-06-10 02:21
37.2271,2022-06-10 02:31
37.775,2022-06-10 02:41
38.0313,2022-06-10 02:51
39.0896,2022-06-10 03:01
38.7313,2022-06-10 03:11
37.325,2022-06-10 03:21
35.7125,2022-06-10 03:31
38.25,2022-06-10 03:41
37.6854,2022-06-10 03:51
37.7813,2022-06-10 04:01
37.7958,2022-06-10 04:11
38.4708,2022-06-10 04:21
37.0625,2022-06-10 04:31
38.4813,2022-06-10 04:41
37.8417,2022-06-10 04:51
37.9813,2022-06-10 05:01
37.4271,2022-06-10 05:11
38.0854,2022-06-10 05:21
37.5854,2022-06-10 05:31
37.2646,2022-06-10 05:41
37.7729,2022-06-10 05:51
37.8938,2022-06-10 06:01
39.1375,2022-06-10 06:11
38.0688,2022-06-10 06:21
38.6938,2022-06-10 06:31
35.7271,2022-06-10 06:41
37.2938,2022-06-10 06:51
38.2667,2022-06-10 07:01
37.6854,2022-06-10 07:11
37.8375,2022-06-10 07:21
37.8542,2022-06-10 07:31
37.0479,2022-06-10 07:41
38.4917,2022-06-10 07:51
37.8313,2022-06-10 08:01
37.9688,2022-06-10 08:11
37.4521,2022-06-10 08:21
38.1125,2022-06-10 08:31
37.6083,2022-06-10 08:41
37.9167,2022-06-10 08:51
37.2521,2022-06-10 09:01
37.7813,2022-06-10 09:11
38.0917,2022-06-10 09:21
39.1313,2022-06-10 09:31
37.3458,2022-06-10 09:41
38.7479,2022-06-10 09:51
35.7458,2022-06-10 10:01
38.2729,2022-06-10 10:11
37.7313,2022-06-10 10:21
37.7958,2022-06-10 10:31
37.8417,2022-06-10 10:41
38.4813,2022-06-10 10:51
37.6979,2022-06-10 11:01
37.8313,2022-06-10 11:11
37.9125,2022-06-10 11:21
38.4938,2022-06-10 11:31
37.0313,2022-06-10 11:41
38.4771,2022-06-10 11:51
37.85,2022-06-10 12:01
37.9667,2022-06-10 12:11
37.4438,2022-06-10 12:21
38.0917,2022-06-10 12:31
37.6313,2022-06-10 12:41
37.9333,2022-06-10 12:51
37.3021,2022-06-10 13:01
37.8146,2022-06-10 13:11
38.0875,2022-06-10 13:21
39.1521,2022-06-10 13:31
37.3854,2022-06-10 13:41
38.7604,2022-06-10 13:51
35.7667,2022-06-10 14:01
38.2875,2022-06-10 14:11
38.5292,2022-06-10 14:21
37.075,2022-06-10 14:31
38.475,2022-06-10 14:41
37.8583,2022-06-10 14:51
38.0188,2022-06-10 15:01
37.4625,2022-06-10 15:11
38.1438,2022-06-10 15:21
37.6333,2022-06-10 15:31
37.3021,2022-06-10 15:41
37.8188,2022-06-10 15:51
37.9521,2022-06-10 16:01
39.1938,2022-06-10 16:11
38.0875,2022-06-10 16:21
38.7688,2022-06-10 16:31
35.7938,2022-06-10 16:41
37.3771,2022-06-10 16:51
38.3083,2022-06-10 17:01
37.775,2022-06-10 17:11
37.8646,2022-06-10 17:21
37.8813,2022-06-10 17:31
38.5521,2022-06-10 17:41
38.5146,2022-06-10 17:51
37.0875,2022-06-10 18:01
37.8792,2022-06-10 18:11
38.0167,2022-06-10 18:21
37.4979,2022-06-10 18:31
38.1479,2022-06-10 18:41
37.6375,2022-06-10 18:51
37.2792,2022-06-10 19:01
37.9583,2022-06-10 19:11
37.8188,2022-06-10 19:21
38.1125,2022-06-10 19:31
39.2229,2022-06-10 19:41
37.4146,2022-06-10 19:51
38.7646,2022-06-10 20:01
35.7708,2022-06-10 20:11
38.3229,2022-06-10 20:21
37.7333,2022-06-10 20:31
37.8542,2022-06-10 20:41
37.8604,2022-06-10 20:51
38.5458,2022-06-10 21:01
37.0875,2022-06-10 21:11
38.5083,2022-06-10 21:21
37.9125,2022-06-10 21:31
37.5229,2022-06-10 21:41
38.0583,2022-06-10 21:51
38.1438,2022-06-10 22:01
37.6833,2022-06-10 22:11
37.3438,2022-06-10 22:21
38.0146,2022-06-10 22:31
37.8333,2022-06-10 22:41
38.1271,2022-06-10 22:51
39.2167,2022-06-10 23:01
37.4333,2022-06-10 23:11
38.7958,2022-06-10 23:21
35.8354,2022-06-10 23:31
38.3188,2022-06-10 23:41
37.7438,2022-06-10 23:51
37.8646,2022-06-11 00:01
37.8896,2022-06-11 00:11
38.5896,2022-06-11 00:21
37.125,2022-06-11 00:31
38.5542,2022-06-11 00:41
37.9146,2022-06-11 00:51
37.5208,2022-06-11 01:01
38.0667,2022-06-11 01:11
38.2,2022-06-11 01:21
37.6563,2022-06-11 01:31
37.3396,2022-06-11 01:41
37.8688,2022-06-11 01:51
37.9938,2022-06-11 02:01
38.1146,2022-06-11 02:11
39.2375,2022-06-11 02:21
37.4542,2022-06-11 02:31
38.7896,2022-06-11 02:41
35.8146,2022-06-11 02:51
38.3542,2022-06-11 03:01
37.7542,2022-06-11 03:11
37.8521,2022-06-11 03:21
37.9375,2022-06-11 03:31
37.875,2022-06-11 03:41
39.2458,2022-06-11 03:51
37.4396,2022-06-11 04:01
38.8208,2022-06-11 04:11
35.8917,2022-06-11 04:21
38.3708,2022-06-11 04:31
37.7542,2022-06-11 04:41
37.8938,2022-06-11 04:51
37.9458,2022-06-11 05:01
38.6,2022-06-11 05:11
37.1542,2022-06-11 05:21
38.5396,2022-06-11 05:31
37.9021,2022-06-11 05:41
38.0542,2022-06-11 05:51
37.5417,2022-06-11 06:01
38.2208,2022-06-11 06:11
37.6813,2022-06-11 06:21
37.3396,2022-06-11 06:31
37.9917,2022-06-11 06:41
38.0979,2022-06-11 06:51
38.6167,2022-06-11 07:01
37.1771,2022-06-11 07:11
38.5667,2022-06-11 07:21
37.9625,2022-06-11 07:31
38.0917,2022-06-11 07:41
37.5583,2022-06-11 07:51
38.2104,2022-06-11 08:01
37.725,2022-06-11 08:11
37.3521,2022-06-11 08:21
37.9438,2022-06-11 08:31
38.0229,2022-06-11 08:41
38.1604,2022-06-11 08:51
39.2313,2022-06-11 09:01
37.4625,2022-06-11 09:11
38.8229,2022-06-11 09:21
35.8646,2022-06-11 09:31
38.3792,2022-06-11 09:41
37.8146,2022-06-11 09:51
37.9125,2022-06-11 10:01
37.9375,2022-06-11 10:11
38.6271,2022-06-11 10:21
37.15,2022-06-11 10:31
38.5729,2022-06-11 10:41
37.9375,2022-06-11 10:51
38.0688,2022-06-11 11:01
37.5563,2022-06-11 11:11
38.25,2022-06-11 11:21
37.7313,2022-06-11 11:31
37.95,2022-06-11 11:41
38.0646,2022-06-11 11:51
38.1604,2022-06-11 12:01
37.4021,2022-06-11 12:11
39.225,2022-06-11 12:21
37.475,2022-06-11 12:31
38.8458,2022-06-11 12:41
35.8896,2022-06-11 12:51
38.4104,2022-06-11 13:01
37.7896,2022-06-11 13:11
37.9354,2022-06-11 13:21
37.9229,2022-06-11 13:31
38.6646,2022-06-11 13:41
37.1771,2022-06-11 13:51
38.5646,2022-06-11 14:01
37.9729,2022-06-11 14:11
38.1021,2022-06-11 14:21
37.5771,2022-06-11 14:31
38.25,2022-06-11 14:41
37.7188,2022-06-11 14:51
37.4,2022-06-11 15:01
37.95,2022-06-11 15:11
38.0688,2022-06-11 15:21
38.1917,2022-06-11 15:31
39.2542,2022-06-11 15:41
37.4833,2022-06-11 15:51
38.8292,2022-06-11 16:01
35.9167,2022-06-11 16:11
38.3958,2022-06-11 16:21
37.8104,2022-06-11 16:31
37.9125,2022-06-11 16:41
37.9792,2022-06-11 16:51
38.6688,2022-06-11 17:01
37.1771,2022-06-11 17:11
38.6208,2022-06-11 17:21
37.975,2022-06-11 17:31
38.1042,2022-06-11 17:41
37.5688,2022-06-11 17:51
38.2458,2022-06-11 18:01
37.7521,2022-06-11 18:11
37.4167,2022-06-11 18:21
38.0792,2022-06-11 18:31
37.9479,2022-06-11 18:41
38.1688,2022-06-11 18:51
39.2458,2022-06-11 19:01
37.4792,2022-06-11 19:11
38.8583,2022-06-11 19:21
35.8896,2022-06-11 19:31
38.4188,2022-06-11 19:41
37.8375,2022-06-11 19:51
37.9563,2022-06-11 20:01
37.9708,2022-06-11 20:11
38.0958,2022-06-11 20:21
37.9792,2022-06-11 20:31
39.2917,2022-06-11 20:41
38.2104,2022-06-11 20:51
37.5229,2022-06-11 21:01
38.8958,2022-06-11 21:11
35.9104,2022-06-11 21:21
38.4333,2022-06-11 21:31
37.8583,2022-06-11 21:41
37.9375,2022-06-11 21:51
38.0104,2022-06-11 22:01
38.6604,2022-06-11 22:11
37.2021,2022-06-11 22:21
38.6083,2022-06-11 22:31
37.9917,2022-06-11 22:41
37.5583,2022-06-11 22:51
38.1417,2022-06-11 23:01
38.2396,2022-06-11 23:11
37.7708,2022-06-11 23:21
37.4271,2022-06-11 23:31
38.6979,2022-06-11 23:41
37.2125,2022-06-11 23:51
38.6125,2022-06-12 00:01
38.0021,2022-06-12 00:11
37.6208,2022-06-12 00:21
38.1458,2022-06-12 00:31
38.2771,2022-06-12 00:41
37.8021,2022-06-12 00:51
37.4625,2022-06-12 01:01
37.9667,2022-06-12 01:11
38.0854,2022-06-12 01:21
39.3042,2022-06-12 01:31
38.225,2022-06-12 01:41
37.525,2022-06-12 01:51
38.9083,2022-06-12 02:01
35.95,2022-06-12 02:11
38.4375,2022-06-12 02:21
37.8438,2022-06-12 02:31
38.0188,2022-06-12 02:41
37.9958,2022-06-12 02:51
38.6958,2022-06-12 03:01
37.2229,2022-06-12 03:11
38.6542,2022-06-12 03:21
38.0042,2022-06-12 03:31
37.6417,2022-06-12 03:41
38.1521,2022-06-12 03:51
38.3083,2022-06-12 04:01
37.775,2022-06-12 04:11
37.4646,2022-06-12 04:21
37.9708,2022-06-12 04:31
38.1188,2022-06-12 04:41
39.2896,2022-06-12 04:51
38.2354,2022-06-12 05:01
37.5333,2022-06-12 05:11
38.9375,2022-06-12 05:21
35.9146,2022-06-12 05:31
38.4625,2022-06-12 05:41
37.8417,2022-06-12 05:51
37.9729,2022-06-12 06:01
37.9979,2022-06-12 06:11
38.725,2022-06-12 06:21
37.2396,2022-06-12 06:31
38.6313,2022-06-12 06:41
38.0208,2022-06-12 06:51
38.2042,2022-06-12 07:01
37.6292,2022-06-12 07:11
38.3313,2022-06-12 07:21
37.825,2022-06-12 07:31
37.5104,2022-06-12 07:41
38.0958,2022-06-12 07:51
38.0083,2022-06-12 08:01
38.2313,2022-06-12 08:11
37.55,2022-06-12 08:21
39.3313,2022-06-12 08:31
38.9417,2022-06-12 08:41
35.9521,2022-06-12 08:51
37.8542,2022-06-12 09:01
38.4521,2022-06-12 09:11
38.0396,2022-06-12 09:21
38.0104,2022-06-12 09:31
38.7271,2022-06-12 09:41
37.2333,2022-06-12 09:51
38.6583,2022-06-12 10:01
38.0146,2022-06-12 10:11
38.175,2022-06-12 10:21
37.6333,2022-06-12 10:31
38.3208,2022-06-12 10:41
37.7958,2022-06-12 10:51
37.5063,2022-06-12 11:01
38.1167,2022-06-12 11:11
38.0375,2022-06-12 11:21
39.3417,2022-06-12 11:31
38.2708,2022-06-12 11:41
38.9,2022-06-12 11:51
35.9729,2022-06-12 12:01
37.5354,2022-06-12 12:11
37.875,2022-06-12 12:21
38.4917,2022-06-12 12:31
38.0063,2022-06-12 12:41
38.0229,2022-06-12 12:51
37.625,2022-06-12 13:01
38.3646,2022-06-12 13:11
37.8188,2022-06-12 13:21
37.5146,2022-06-12 13:31
38.15,2022-06-12 13:41
38.0104,2022-06-12 13:51
39.3688,2022-06-12 14:01
38.3042,2022-06-12 14:11
37.525,2022-06-12 14:21
37.8896,2022-06-12 14:31
38.9563,2022-06-12 14:41
35.95,2022-06-12 14:51
38.0521,2022-06-12 15:01
38.4854,2022-06-12 15:11
38.0417,2022-06-12 15:21
38.7125,2022-06-12 15:31
37.2688,2022-06-12 15:41
38.6417,2022-06-12 15:51
38.0833,2022-06-12 16:01
38.1875,2022-06-12 16:11
38.7042,2022-06-12 16:21
37.2729,2022-06-12 16:31
38.6563,2022-06-12 16:41
38.0583,2022-06-12 16:51
37.675,2022-06-12 17:01
38.1938,2022-06-12 17:11
38.3625,2022-06-12 17:21
37.8667,2022-06-12 17:31
37.5042,2022-06-12 17:41
37.9917,2022-06-12 17:51
38.1417,2022-06-12 18:01
38.3313,2022-06-12 18:11
37.5938,2022-06-12 18:21
39.3417,2022-06-12 18:31
38.9646,2022-06-12 18:41
35.9625,2022-06-12 18:51
38.4896,2022-06-12 19:01
37.9542,2022-06-12 19:11
38.0625,2022-06-12 19:21
38.0667,2022-06-12 19:31
38.7271,2022-06-12 19:41
37.2688,2022-06-12 19:51
38.7021,2022-06-12 20:01
38.0771,2022-06-12 20:11
38.2375,2022-06-12 20:21
37.6708,2022-06-12 20:31
38.3646,2022-06-12 20:41
37.4979,2022-06-12 20:51
37.8479,2022-06-12 21:01
38.0396,2022-06-12 21:11
38.1667,2022-06-12 21:21
37.5667,2022-06-12 21:31
39.3896,2022-06-12 21:41
38.3271,2022-06-12 21:51
35.9896,2022-06-12 22:01
38.9667,2022-06-12 22:11
38.5146,2022-06-12 22:21
37.9333,2022-06-12 22:31
38.0708,2022-06-12 22:41
38.0688,2022-06-12 22:51
38.7646,2022-06-12 23:01
37.2875,2022-06-12 23:11
38.7104,2022-06-12 23:21
38.1063,2022-06-12 23:31
38.2271,2022-06-12 23:41
37.6917,2022-06-12 23:51
38.3729,2022-06-13 00:01
37.8625,2022-06-13 00:11
37.5354,2022-06-13 00:21
38.15,2022-06-13 00:31
38.0458,2022-06-13 00:41
38.3125,2022-06-13 00:51
37.5833,2022-06-13 01:01
39.3875,2022-06-13 01:11
35.9833,2022-06-13 01:21
38.9854,2022-06-13 01:31
38.5271,2022-06-13 01:41
37.9313,2022-06-13 01:51
38.0688,2022-06-13 02:01
38.0542,2022-06-13 02:11
38.7854,2022-06-13 02:21
37.3438,2022-06-13 02:31
38.7042,2022-06-13 02:41
38.1229,2022-06-13 02:51
38.2667,2022-06-13 03:01
37.675,2022-06-13 03:11
38.3813,2022-06-13 03:21
37.9,2022-06-13 03:31
37.525,2022-06-13 03:41
38.1792,2022-06-13 03:51
38.0896,2022-06-13 04:01
39.3833,2022-06-13 04:11
38.3375,2022-06-13 04:21
37.5896,2022-06-13 04:31
39.0188,2022-06-13 04:41
36.0333,2022-06-13 04:51
38.5438,2022-06-13 05:01
37.9313,2022-06-13 05:11
38.0813,2022-06-13 05:21
38.0833,2022-06-13 05:31
38.1104,2022-06-13 05:41
38.2396,2022-06-13 05:51
37.7146,2022-06-13 06:01
38.4042,2022-06-13 06:11
37.5375,2022-06-13 06:21
37.8771,2022-06-13 06:31
38.1979,2022-06-13 06:41
38.1146,2022-06-13 06:51
38.3896,2022-06-13 07:01
37.6292,2022-06-13 07:11
39.4354,2022-06-13 07:21
36.0833,2022-06-13 07:31
38.9979,2022-06-13 07:41
38.5771,2022-06-13 07:51
37.9833,2022-06-13 08:01
38.0625,2022-06-13 08:11
38.1,2022-06-13 08:21
38.8104,2022-06-13 08:31
37.3167,2022-06-13 08:41
38.7333,2022-06-13 08:51
37.9708,2022-06-13 09:01
38.0896,2022-06-13 09:11
38.8167,2022-06-13 09:21
37.35,2022-06-13 09:31
38.7438,2022-06-13 09:41
38.1208,2022-06-13 09:51
37.7271,2022-06-13 10:01
38.2563,2022-06-13 10:11
38.3979,2022-06-13 10:21
37.8583,2022-06-13 10:31
37.5417,2022-06-13 10:41
38.1354,2022-06-13 10:51
38.2313,2022-06-13 11:01
37.6583,2022-06-13 11:11
39.4083,2022-06-13 11:21
38.3771,2022-06-13 11:31
36.0521,2022-06-13 11:41
39.025,2022-06-13 11:51
38.5792,2022-06-13 12:01
38.15,2022-06-13 12:11
38.8063,2022-06-13 12:21
37.3479,2022-06-13 12:31
38.7396,2022-06-13 12:41
38.1229,2022-06-13 12:51
38.2667,2022-06-13 13:01
37.7583,2022-06-13 13:11
38.4208,2022-06-13 13:21
37.8875,2022-06-13 13:31
37.5792,2022-06-13 13:41
38.1104,2022-06-13 13:51
38.1917,2022-06-13 14:01
37.6521,2022-06-13 14:11
39.4188,2022-06-13 14:21
38.3792,2022-06-13 14:31
36.0875,2022-06-13 14:41
39.0208,2022-06-13 14:51
38.575,2022-06-13 15:01
37.9688,2022-06-13 15:11
38.0771,2022-06-13 15:21
38.1021,2022-06-13 15:31
38.8396,2022-06-13 15:41
37.4,2022-06-13 15:51
38.7563,2022-06-13 16:01
38.1625,2022-06-13 16:11
38.2917,2022-06-13 16:21
37.7542,2022-06-13 16:31
37.5958,2022-06-13 16:41
38.4271,2022-06-13 16:51
37.9063,2022-06-13 17:01
38.2354,2022-06-13 17:11
38.1417,2022-06-13 17:21
37.6333,2022-06-13 17:31
39.4479,2022-06-13 17:41
38.3583,2022-06-13 17:51
36.1188,2022-06-13 18:01
39.0417,2022-06-13 18:11
38.5896,2022-06-13 18:21
37.9958,2022-06-13 18:31
38.1542,2022-06-13 18:41
38.1417,2022-06-13 18:51
38.8208,2022-06-13 19:01
37.3917,2022-06-13 19:11
38.75,2022-06-13 19:21
38.1854,2022-06-13 19:31
38.2729,2022-06-13 19:41
37.775,2022-06-13 19:51
37.5646,2022-06-13 20:01
38.4479,2022-06-13 20:11
37.9021,2022-06-13 20:21
38.1458,2022-06-13 20:31
38.2333,2022-06-13 20:41
37.6667,2022-06-13 20:51
39.4771,2022-06-13 21:01
38.3875,2022-06-13 21:11
39.075,2022-06-13 21:21
36.0875,2022-06-13 21:31
38.5958,2022-06-13 21:41
37.975,2022-06-13 21:51
38.1313,2022-06-13 22:01
38.1292,2022-06-13 22:11
37.4083,2022-06-13 22:21
38.7854,2022-06-13 22:31
38.1771,2022-06-13 22:41
38.3229,2022-06-13 22:51
37.7958,2022-06-13 23:01
37.5917,2022-06-13 23:11
38.4563,2022-06-13 23:21
37.9271,2022-06-13 23:31
38.1125,2022-06-13 23:41
38.2479,2022-06-13 23:51
37.6125,2022-06-14 00:01
39.4563,2022-06-14 00:11
38.4083,2022-06-14 00:21
39.0625,2022-06-14 00:31
36.0958,2022-06-14 00:41
38.6083,2022-06-14 00:51
38.025,2022-06-14 01:01
38.1542,2022-06-14 01:11
38.1167,2022-06-14 01:21
38.8021,2022-06-14 01:31
38.6375,2022-06-14 01:41
38.0146,2022-06-14 01:51
38.1667,2022-06-14 02:01
38.1417,2022-06-14 02:11
38.8521,2022-06-14 02:21
37.3604,2022-06-14 02:31
38.7542,2022-06-14 02:41
38.175,2022-06-14 02:51
38.3063,2022-06-14 03:01
37.7792,2022-06-14 03:11
38.4542,2022-06-14 03:21
37.5896,2022-06-14 03:31
37.9708,2022-06-14 03:41
38.1083,2022-06-14 03:51
37.6938,2022-06-14 04:01
38.25,2022-06-14 04:11
38.4,2022-06-14 04:21
39.4521,2022-06-14 04:31
36.0708,2022-06-14 04:41
39.0646,2022-06-14 04:51
38.8583,2022-06-14 05:01
37.4229,2022-06-14 05:11
38.7688,2022-06-14 05:21
38.2,2022-06-14 05:31
38.3333,2022-06-14 05:41
37.8083,2022-06-14 05:51
38.4896,2022-06-14 06:01
37.6458,2022-06-14 06:11
37.9854,2022-06-14 06:21
38.2813,2022-06-14 06:31
38.1688,2022-06-14 06:41
37.6875,2022-06-14 06:51
38.4333,2022-06-14 07:01
39.4875,2022-06-14 07:11
36.0896,2022-06-14 07:21
39.0604,2022-06-14 07:31
38.6354,2022-06-14 07:41
38.0583,2022-06-14 07:51
38.175,2022-06-14 08:01
38.1417,2022-06-14 08:11
38.8875,2022-06-14 08:21
37.4167,2022-06-14 08:31
38.8313,2022-06-14 08:41
38.2042,2022-06-14 08:51
37.8229,2022-06-14 09:01
38.3375,2022-06-14 09:11
37.6396,2022-06-14 09:21
38.5,2022-06-14 09:31
37.95,2022-06-14 09:41
38.1417,2022-06-14 09:51
38.2708,2022-06-14 10:01
37.6833,2022-06-14 10:11
39.4542,2022-06-14 10:21
38.4375,2022-06-14 10:31
36.1229,2022-06-14 10:41
39.0771,2022-06-14 10:51
38.625,2022-06-14 11:01
38.0313,2022-06-14 11:11
38.2167,2022-06-14 11:21
38.15,2022-06-14 11:31
38.8792,2022-06-14 11:41
37.4583,2022-06-14 11:51
38.8354,2022-06-14 12:01
38.2375,2022-06-14 12:11
38.3708,2022-06-14 12:21
37.7958,2022-06-14 12:31
37.6708,2022-06-14 12:41
38.5229,2022-06-14 12:51
37.9792,2022-06-14 13:01
38.1438,2022-06-14 13:11
38.3104,2022-06-14 13:21
37.6917,2022-06-14 13:31
39.4938,2022-06-14 13:41
38.45,2022-06-14 13:51
36.1583,2022-06-14 14:01
39.0917,2022-06-14 14:11
38.6458,2022-06-14 14:21
38.2208,2022-06-14 14:31
38.0167,2022-06-14 14:41
38.1583,2022-06-14 14:51
38.8667,2022-06-14 15:01
37.4417,2022-06-14 15:11
38.8479,2022-06-14 15:21
38.2542,2022-06-14 15:31
38.3583,2022-06-14 15:41
37.8104,2022-06-14 15:51
38.5167,2022-06-14 16:01
37.6854,2022-06-14 16:11
38.0188,2022-06-14 16:21
38.2958,2022-06-14 16:31
37.7375,2022-06-14 16:41
38.1688,2022-06-14 16:51
38.4542,2022-06-14 17:01
39.525,2022-06-14 17:11
36.1542,2022-06-14 17:21
39.1458,2022-06-14 17:31
38.6521,2022-06-14 17:41
38.0708,2022-06-14 17:51
38.2583,2022-06-14 18:01
38.1542,2022-06-14 18:11
38.3708,2022-06-14 18:21
37.8104,2022-06-14 18:31
37.6458,2022-06-14 18:41
38.5375,2022-06-14 18:51
37.9813,2022-06-14 19:01
38.1938,2022-06-14 19:11
38.3104,2022-06-14 19:21
37.7354,2022-06-14 19:31
39.5021,2022-06-14 19:41
38.4938,2022-06-14 19:51
36,2022-06-14 20:01
39.1271,2022-06-14 20:11
38.6625,2022-06-14 20:21
38.075,2022-06-14 20:31
38.2438,2022-06-14 20:41
38.1667,2022-06-14 20:51
38.8854,2022-06-14 21:01
37.4938,2022-06-14 21:11
38.8396,2022-06-14 21:21
38.2417,2022-06-14 21:31
38.8958,2022-06-14 21:41
37.4604,2022-06-14 21:51
38.825,2022-06-14 22:01
38.225,2022-06-14 22:11
38.4063,2022-06-14 22:21
37.8583,2022-06-14 22:31
37.6583,2022-06-14 22:41
38.5104,2022-06-14 22:51
38.0083,2022-06-14 23:01
38.3333,2022-06-14 23:11
37.7792,2022-06-14 23:21
38.1542,2022-06-14 23:31
39.5375,2022-06-14 23:41
38.4938,2022-06-14 23:51
39.125,2022-06-15 00:01
36.1979,2022-06-15 00:11
38.6729,2022-06-15 00:21
38.0896,2022-06-15 00:31
38.2479,2022-06-15 00:41
38.2188,2022-06-15 00:51
38.9271,2022-06-15 01:01
37.4854,2022-06-15 01:11
38.8688,2022-06-15 01:21
38.2479,2022-06-15 01:31
38.3917,2022-06-15 01:41
37.8333,2022-06-15 01:51
37.6583,2022-06-15 02:01
38.5083,2022-06-15 02:11
38.0167,2022-06-15 02:21
37.7521,2022-06-15 02:31
38.175,2022-06-15 02:41
38.3646,2022-06-15 02:51
39.5438,2022-06-15 03:01
38.5,2022-06-15 03:11
39.1458,2022-06-15 03:21
36.1792,2022-06-15 03:31
38.6875,2022-06-15 03:41
38.1146,2022-06-15 03:51
38.2646,2022-06-15 04:01
38.175,2022-06-15 04:11
38.9188,2022-06-15 04:21
37.4646,2022-06-15 04:31
38.8667,2022-06-15 04:41
38.2771,2022-06-15 04:51
38.4,2022-06-15 05:01
38.5396,2022-06-15 05:11
37.8979,2022-06-15 05:21
37.7042,2022-06-15 05:31
38.0208,2022-06-15 05:41
38.325,2022-06-15 05:51
37.7917,2022-06-15 06:01
38.2146,2022-06-15 06:11
39.5688,2022-06-15 06:21
38.4917,2022-06-15 06:31
36.2021,2022-06-15 06:41
39.1854,2022-06-15 06:51
38.6875,2022-06-15 07:01
38.1208,2022-06-15 07:11
38.2563,2022-06-15 07:21
38.2542,2022-06-15 07:31
38.9563,2022-06-15 07:41
37.5,2022-06-15 07:51
38.8583,2022-06-15 08:01
38.2729,2022-06-15 08:11
38.4146,2022-06-15 08:21
37.8417,2022-06-15 08:31
37.7354,2022-06-15 08:41
38.5188,2022-06-15 08:51
38.0625,2022-06-15 09:01
38.25,2022-06-15 09:11
38.3354,2022-06-15 09:21
37.775,2022-06-15 09:31
38.4938,2022-06-15 09:41
39.5896,2022-06-15 09:51
39.1667,2022-06-15 10:01
36.2063,2022-06-15 10:11
38.6917,2022-06-15 10:21
38.1354,2022-06-15 10:31
38.2792,2022-06-15 10:41
38.2125,2022-06-15 10:51
38.2958,2022-06-15 11:01
38.4,2022-06-15 11:11
37.8646,2022-06-15 11:21
37.7188,2022-06-15 11:31
38.5313,2022-06-15 11:41
38.0667,2022-06-15 11:51
37.775,2022-06-15 12:01
38.2563,2022-06-15 12:11
38.3646,2022-06-15 12:21
39.5667,2022-06-15 12:31
38.5521,2022-06-15 12:41
39.1438,2022-06-15 12:51
36.2188,2022-06-15 13:01
38.7042,2022-06-15 13:11
38.2875,2022-06-15 13:21
38.1083,2022-06-15 13:31
38.2229,2022-06-15 13:41
38.9625,2022-06-15 13:51
37.5104,2022-06-15 14:01
38.8938,2022-06-15 14:11
38.1313,2022-06-15 14:21
38.2,2022-06-15 14:31
38.9563,2022-06-15 14:41
37.5333,2022-06-15 14:51
38.8917,2022-06-15 15:01
38.2729,2022-06-15 15:11
38.4021,2022-06-15 15:21
37.8917,2022-06-15 15:31
37.725,2022-06-15 15:41
38.5604,2022-06-15 15:51
38.0292,2022-06-15 16:01
38.3563,2022-06-15 16:11
37.8271,2022-06-15 16:21
38.2458,2022-06-15 16:31
38.5458,2022-06-15 16:41
39.5604,2022-06-15 16:51
39.1792,2022-06-15 17:01
36.2292,2022-06-15 17:11
38.7229,2022-06-15 17:21
38.2896,2022-06-15 17:31
38.9875,2022-06-15 17:41
37.575,2022-06-15 17:51
38.9292,2022-06-15 18:01
38.2813,2022-06-15 18:11
37.7375,2022-06-15 18:21
38.4438,2022-06-15 18:31
37.9271,2022-06-15 18:41
38.5771,2022-06-15 18:51
38.0563,2022-06-15 19:01
38.35,2022-06-15 19:11
37.7917,2022-06-15 19:21
38.2625,2022-06-15 19:31
39.5958,2022-06-15 19:41
38.5646,2022-06-15 19:51
39.1813,2022-06-15 20:01
36.2104,2022-06-15 20:11
38.6979,2022-06-15 20:21
38.1563,2022-06-15 20:31
38.3125,2022-06-15 20:41
38.2396,2022-06-15 20:51
